{"n_users": 1892, "testing_iterations": 96733, "context_dimension": 25, "lambda_": 0.2, "alpha": 0.3, "gamma": 5, "D2": 0.17814867779177104, "D3": 337.05729838203075}