{"n_users": 57, "testing_iterations": 35438, "context_dimension": 25, "lambda_": 0.2, "alpha": 0.3, "gamma": 5, "D2": 2.373984730306365, "D3": 27.063425925492552}