{"n_users": 1892, "testing_iterations": 96733, "context_dimension": 25, "lambda_": 0.2, "alpha": 0.6, "gamma": 0.85, "D2": 0.17814867779177104, "D3": 337.05729838203075, "NoiseScale": 0.1, "n_articles": 1000, "epsilon": 1.6993840568745564e-06, "CLUB_alpha": 0.3, "CLUB_alpha_2": 1.0, "cluster_init": "Complete", "AdTS_Window": 200, "v": 0.4, "tau": 20, "delta_1": 0.1, "delta_2": 0.1, "tilde_delta_1": 0.1, "dLinUCB_alpha": 0.6, "delta": 0.1}