{"n_users": 75, "testing_iterations": 41284, "context_dimension": 25, "lambda_": 0.2, "alpha": 0.3, "gamma": 5, "D2": 2.0716650583251406, "D3": 155.37487937438553, "delta_1": 0.1, "delta_2": 0.1, "tau": 20}