Time(Iteration),DisLinUCB,NIndepLinUCB,HetoFedBandit_Simplified,FCLUB_DC,HetoFedBandit_PQ
0,18.040368942129632,18.040368942129632,16.94889832400522,21.515929662503385,17.16353555872861
