Time(Iteration),DisLinUCB,NIndepLinUCB,HetoFedBandit_Simplified,FCLUB_DC
0,20.20174632310892,20.20174632310892,18.238717218419737,19.875104805775816
