Time(Iteration),DisLinUCB,NIndepLinUCB,HetoFedBandit_Simplified,FCLUB_DC,HetoFedBandit_PQ
0,20.399785803064212,20.399785803064212,20.406257881193792,20.849655360914333,17.525026589718735
